{"app_version":59,"keymap_db_version":13,"fingerprint_map_list":[{"action_list":[],"constraints":[],"constraint_mode":1,"extras":[],"flags":0,"id":0,"enabled":true},{"action_list":[],"constraints":[],"constraint_mode":1,"extras":[],"flags":0,"id":1,"enabled":true},{"action_list":[],"constraints":[],"constraint_mode":1,"extras":[],"flags":0,"id":2,"enabled":true},{"action_list":[],"constraints":[],"constraint_mode":1,"extras":[],"flags":0,"id":3,"enabled":true}],"keymap_list":[{"actionList":[{"data":"113","extras":[{"data":"10","id":"extra_delay_before_next_action"}],"flags":0,"type":"KEY_EVENT","uid":"4e0e3f6c-9209-4446-b1d3-b5dc6276ad1e"},{"data":"go_back","extras":[],"flags":0,"type":"SYSTEM_ACTION","uid":"7754b0cf-f2f7-4fb8-ae05-3e0959f33f97"}],"constraintList":[],"constraintMode":1,"flags":0,"id":76,"isEnabled":true,"trigger":{"extras":[],"flags":0,"keys":[{"clickType":0,"deviceId":"io.github.sds100.keymapper.THIS_DEVICE","flags":0,"keyCode":4,"uid":"3b97dc4b-5e3a-4113-81ce-ba7034283300"},{"clickType":0,"deviceId":"io.github.sds100.keymapper.THIS_DEVICE","flags":1,"keyCode":59,"uid":"a101646b-f023-43b2-8940-bb2e82bf6dec"}],"mode":0},"uid":"7632c861-3839-4a82-a7cf-cdf3f50e63d9"},{"actionList":[{"data":"113","extras":[{"data":"10","id":"extra_delay_before_next_action"}],"flags":0,"type":"KEY_EVENT","uid":"4e0e3f6c-9209-4446-b1d3-b5dc6276ad1e"},{"data":"play_pause_media","extras":[],"flags":0,"type":"SYSTEM_ACTION","uid":"74cc79e6-c54d-4ab1-8a6d-ccf1a1671bef"}],"constraintList":[],"constraintMode":1,"flags":0,"id":79,"isEnabled":true,"trigger":{"extras":[],"flags":0,"keys":[{"clickType":0,"deviceId":"io.github.sds100.keymapper.THIS_DEVICE","flags":0,"keyCode":4,"uid":"33803018-a7dc-4878-b40e-eae666e2ef77"},{"clickType":0,"deviceId":"io.github.sds100.keymapper.THIS_DEVICE","flags":1,"keyCode":58,"uid":"ba0f6831-0098-48a1-8861-221473a19faa"}],"mode":0},"uid":"e64f5730-1a53-4c9a-8049-a7d6e1ad7e6c"},{"actionList":[{"data":"113","extras":[],"flags":4,"type":"KEY_EVENT","uid":"9faf5087-e741-4531-bce6-4a5cb35eca38"}],"constraintList":[],"constraintMode":1,"flags":0,"id":84,"isEnabled":true,"trigger":{"extras":[],"flags":0,"keys":[{"clickType":0,"deviceId":"io.github.sds100.keymapper.THIS_DEVICE","flags":0,"keyCode":4,"uid":"a54c50db-0ad0-4b42-8eeb-e1711de9d7b7"}],"mode":2},"uid":"5d0a2ab8-6be5-41c5-a751-b61e4c453cdf"},{"actionList":[{"data":"21","extras":[],"flags":4,"type":"KEY_EVENT","uid":"62f0f9a9-dbb5-4a9c-8117-e9fa3be63911"}],"constraintList":[],"constraintMode":1,"flags":0,"id":85,"isEnabled":true,"trigger":{"extras":[],"flags":0,"keys":[{"clickType":0,"deviceId":"io.github.sds100.keymapper.THIS_DEVICE","flags":0,"keyCode":62,"uid":"4cab7986-b3bd-44c7-95c3-f16f339ec731"},{"clickType":0,"deviceId":"io.github.sds100.keymapper.THIS_DEVICE","flags":0,"keyCode":36,"uid":"ec2b643f-fa05-4bd4-a4d4-8554a93f733e"}],"mode":0},"uid":"93813ab6-c629-476f-b256-c839bbfcbdbb"},{"actionList":[{"data":"20","extras":[],"flags":4,"type":"KEY_EVENT","uid":"e49dad56-923e-4a72-a5df-1048e2ca717c"}],"constraintList":[],"constraintMode":1,"flags":0,"id":86,"isEnabled":true,"trigger":{"extras":[],"flags":0,"keys":[{"clickType":0,"deviceId":"io.github.sds100.keymapper.THIS_DEVICE","flags":0,"keyCode":62,"uid":"4dabc58d-0a84-4d96-a83e-54323900a3ac"},{"clickType":0,"deviceId":"io.github.sds100.keymapper.THIS_DEVICE","flags":0,"keyCode":38,"uid":"4e02dcd0-40d4-4408-aea8-996122f66fcc"}],"mode":0},"uid":"6bdb95bc-976a-401c-b0f8-de25f0bd3348"},{"actionList":[{"data":"19","extras":[],"flags":4,"type":"KEY_EVENT","uid":"4b60db39-71ae-4aeb-98e4-48ec3ab52351"}],"constraintList":[],"constraintMode":1,"flags":0,"id":87,"isEnabled":true,"trigger":{"extras":[],"flags":0,"keys":[{"clickType":0,"deviceId":"io.github.sds100.keymapper.THIS_DEVICE","flags":0,"keyCode":62,"uid":"af1ae199-0db8-4a91-bada-e1b37549f0af"},{"clickType":0,"deviceId":"io.github.sds100.keymapper.THIS_DEVICE","flags":0,"keyCode":39,"uid":"f95db78b-3a84-42f5-bd22-1dac17fc7f6e"}],"mode":0},"uid":"7f1b6ef5-0434-438d-92d7-3358572886a4"},{"actionList":[{"data":"22","extras":[],"flags":4,"type":"KEY_EVENT","uid":"b70a2a62-cfcb-409a-a11f-6b9d9a9ff2dc"}],"constraintList":[],"constraintMode":1,"flags":0,"id":88,"isEnabled":true,"trigger":{"extras":[],"flags":0,"keys":[{"clickType":0,"deviceId":"io.github.sds100.keymapper.THIS_DEVICE","flags":0,"keyCode":62,"uid":"c45c277d-34f8-48d9-9a7e-a4c37eae4a54"},{"clickType":0,"deviceId":"io.github.sds100.keymapper.THIS_DEVICE","flags":0,"keyCode":40,"uid":"068672c0-5ca2-46c1-b194-dbddeb972d49"}],"mode":0},"uid":"bff25aa8-eb75-4f19-8d3c-6594aab0973b"},{"actionList":[{"data":"~","extras":[],"flags":4,"type":"TEXT_BLOCK","uid":"3239c64b-50c4-4a9e-93ea-a377a4eda9e2"}],"constraintList":[],"constraintMode":1,"flags":0,"id":94,"isEnabled":true,"trigger":{"extras":[],"flags":0,"keys":[{"clickType":0,"deviceId":"io.github.sds100.keymapper.THIS_DEVICE","flags":0,"keyCode":62,"uid":"e408fbb4-7649-435b-ba7d-749030e5a312"},{"clickType":0,"deviceId":"io.github.sds100.keymapper.THIS_DEVICE","flags":0,"keyCode":45,"uid":"867fa2a2-1897-49c0-80ba-4d4c5fe540b3"}],"mode":0},"uid":"07b313df-f137-469f-9ae2-0023bf790a82"},{"actionList":[{"data":"!","extras":[],"flags":4,"type":"TEXT_BLOCK","uid":"94b66040-2360-4007-9fa9-2027c013f286"}],"constraintList":[],"constraintMode":1,"flags":0,"id":95,"isEnabled":true,"trigger":{"extras":[],"flags":0,"keys":[{"clickType":0,"deviceId":"io.github.sds100.keymapper.THIS_DEVICE","flags":0,"keyCode":62,"uid":"596bc83c-d68e-462e-9051-9c9c662a80e2"},{"clickType":0,"deviceId":"io.github.sds100.keymapper.THIS_DEVICE","flags":0,"keyCode":51,"uid":"30f2bfcc-75ef-479c-b0c4-465bfb9f79c7"}],"mode":0},"uid":"8fc9a328-73d8-471e-9624-ff9c92884290"},{"actionList":[{"data":"@","extras":[],"flags":4,"type":"TEXT_BLOCK","uid":"209b4101-76ba-4ed8-a767-ec13b4f8f0e6"}],"constraintList":[],"constraintMode":1,"flags":0,"id":96,"isEnabled":true,"trigger":{"extras":[],"flags":0,"keys":[{"clickType":0,"deviceId":"io.github.sds100.keymapper.THIS_DEVICE","flags":0,"keyCode":62,"uid":"629209a1-cf66-440b-a565-f3ec7969ce1c"},{"clickType":0,"deviceId":"io.github.sds100.keymapper.THIS_DEVICE","flags":0,"keyCode":33,"uid":"2a1dcbb4-4874-4784-87bd-069e78b87065"}],"mode":0},"uid":"2b712e8e-5f0e-4571-b7db-591a69987e62"},{"actionList":[{"data":"#","extras":[],"flags":4,"type":"TEXT_BLOCK","uid":"99cd4161-a5ce-4eea-a9ab-ffda5bccb5df"}],"constraintList":[],"constraintMode":1,"flags":0,"id":97,"isEnabled":true,"trigger":{"extras":[],"flags":0,"keys":[{"clickType":0,"deviceId":"io.github.sds100.keymapper.THIS_DEVICE","flags":0,"keyCode":62,"uid":"1fa4c6ad-7f34-4449-bc6f-b5e6e2639410"},{"clickType":0,"deviceId":"io.github.sds100.keymapper.THIS_DEVICE","flags":0,"keyCode":46,"uid":"f96b6682-3d28-48e2-9930-4dc769ebf9b5"}],"mode":0},"uid":"8b5d8a23-c7d2-4580-844a-87b93bd0a93a"},{"actionList":[{"data":"$","extras":[],"flags":4,"type":"TEXT_BLOCK","uid":"b15b8fe0-be93-4b49-957e-a5e30cc37e40"}],"constraintList":[],"constraintMode":1,"flags":0,"id":98,"isEnabled":true,"trigger":{"extras":[],"flags":0,"keys":[{"clickType":0,"deviceId":"io.github.sds100.keymapper.THIS_DEVICE","flags":0,"keyCode":62,"uid":"b493bc50-cf32-4a49-a861-a47368cf8f83"},{"clickType":0,"deviceId":"io.github.sds100.keymapper.THIS_DEVICE","flags":0,"keyCode":48,"uid":"f640c992-b1f9-4668-9224-6ce40a2919a2"}],"mode":0},"uid":"7de04f15-70c9-4d1e-803b-ec69ae48935e"},{"actionList":[{"data":"%","extras":[],"flags":4,"type":"TEXT_BLOCK","uid":"b15b8fe0-be93-4b49-957e-a5e30cc37e40"}],"constraintList":[],"constraintMode":1,"flags":0,"id":99,"isEnabled":true,"trigger":{"extras":[],"flags":0,"keys":[{"clickType":0,"deviceId":"io.github.sds100.keymapper.THIS_DEVICE","flags":0,"keyCode":62,"uid":"cefddf69-d387-4ce7-ab57-7ce3b20baf00"},{"clickType":0,"deviceId":"io.github.sds100.keymapper.THIS_DEVICE","flags":0,"keyCode":53,"uid":"364cb6d4-f3fb-49bf-9bbc-e71f8cb0f7b2"}],"mode":0},"uid":"84e436ae-7cfe-4894-b245-89712c0a3d6e"},{"actionList":[{"data":"^","extras":[],"flags":4,"type":"TEXT_BLOCK","uid":"b15b8fe0-be93-4b49-957e-a5e30cc37e40"}],"constraintList":[],"constraintMode":1,"flags":0,"id":100,"isEnabled":true,"trigger":{"extras":[],"flags":0,"keys":[{"clickType":0,"deviceId":"io.github.sds100.keymapper.THIS_DEVICE","flags":0,"keyCode":62,"uid":"27ce3810-9a1b-4e4b-84af-6111ff3d79ea"},{"clickType":0,"deviceId":"io.github.sds100.keymapper.THIS_DEVICE","flags":0,"keyCode":49,"uid":"68f6466c-725a-4445-87f8-d6438b8020f7"}],"mode":0},"uid":"ace50180-9829-4019-8faa-ba929a8667b2"},{"actionList":[{"data":"\u0026","extras":[],"flags":4,"type":"TEXT_BLOCK","uid":"32571391-28b6-4513-ae4d-829567805782"}],"constraintList":[],"constraintMode":1,"flags":0,"id":101,"isEnabled":true,"trigger":{"extras":[],"flags":0,"keys":[{"clickType":0,"deviceId":"io.github.sds100.keymapper.THIS_DEVICE","flags":0,"keyCode":62,"uid":"a51fa7b7-94f5-4ebc-9dc8-2c75f085f2d3"},{"clickType":0,"deviceId":"io.github.sds100.keymapper.THIS_DEVICE","flags":0,"keyCode":37,"uid":"df7c6b49-c19c-4c75-99b8-bd2a23e5ee28"}],"mode":0},"uid":"168439c2-7578-4adb-a11d-54bbcb471fca"},{"actionList":[{"data":"-","extras":[],"flags":4,"type":"TEXT_BLOCK","uid":"7d422999-4805-436a-bda1-b8b7263ccbe9"}],"constraintList":[],"constraintMode":1,"flags":0,"id":102,"isEnabled":true,"trigger":{"extras":[],"flags":0,"keys":[{"clickType":0,"deviceId":"io.github.sds100.keymapper.THIS_DEVICE","flags":0,"keyCode":62,"uid":"a4183348-4fba-4ad7-8c62-87bf00e2129c"},{"clickType":0,"deviceId":"io.github.sds100.keymapper.THIS_DEVICE","flags":0,"keyCode":43,"uid":"a26eea0f-275a-4caf-ba0a-a24d26708422"}],"mode":0},"uid":"b82ccfd6-0e79-425a-99c5-a63043973521"},{"actionList":[{"data":"\u003d","extras":[],"flags":4,"type":"TEXT_BLOCK","uid":"8a356b48-4929-4959-aef8-720cb0753e12"}],"constraintList":[],"constraintMode":1,"flags":0,"id":103,"isEnabled":true,"trigger":{"extras":[],"flags":0,"keys":[{"clickType":0,"deviceId":"io.github.sds100.keymapper.THIS_DEVICE","flags":0,"keyCode":62,"uid":"2748e541-3697-46ac-9320-4cd2a752f797"},{"clickType":0,"deviceId":"io.github.sds100.keymapper.THIS_DEVICE","flags":0,"keyCode":44,"uid":"1eacc931-fe09-4e94-b043-10ca760b09ef"}],"mode":0},"uid":"1b8fb4a0-0912-4c75-a2e0-64bba683cadd"},{"actionList":[{"data":"(","extras":[],"flags":4,"type":"TEXT_BLOCK","uid":"eea86f3f-d158-4e75-b47e-34dce2c2f22c"}],"constraintList":[],"constraintMode":1,"flags":0,"id":104,"isEnabled":true,"trigger":{"extras":[],"flags":0,"keys":[{"clickType":0,"deviceId":"io.github.sds100.keymapper.THIS_DEVICE","flags":0,"keyCode":62,"uid":"e0d23daf-3d5b-471c-ba8c-e40414d63478"},{"clickType":0,"deviceId":"io.github.sds100.keymapper.THIS_DEVICE","flags":0,"keyCode":29,"uid":"23d906b6-daa6-4bc0-a3c6-9e6eae0564c7"}],"mode":0},"uid":"cdb9d1de-beb1-41b0-84a3-4165e73664b9"},{"actionList":[{"data":")","extras":[],"flags":4,"type":"TEXT_BLOCK","uid":"36f66e2e-b405-43b0-b921-158a08d39113"}],"constraintList":[],"constraintMode":1,"flags":0,"id":105,"isEnabled":true,"trigger":{"extras":[],"flags":0,"keys":[{"clickType":0,"deviceId":"io.github.sds100.keymapper.THIS_DEVICE","flags":0,"keyCode":62,"uid":"a7cf5fba-996f-4338-aabd-c1691b5580a3"},{"clickType":0,"deviceId":"io.github.sds100.keymapper.THIS_DEVICE","flags":0,"keyCode":47,"uid":"abee393d-3197-47ea-a3cb-f988c51a1664"}],"mode":0},"uid":"4626c843-c053-447b-8426-e6f1eab872a6"},{"actionList":[{"data":"[","extras":[],"flags":4,"type":"TEXT_BLOCK","uid":"6c55c773-7b4b-4fb5-88ce-83dd888dd57d"}],"constraintList":[],"constraintMode":1,"flags":0,"id":106,"isEnabled":true,"trigger":{"extras":[],"flags":0,"keys":[{"clickType":0,"deviceId":"io.github.sds100.keymapper.THIS_DEVICE","flags":0,"keyCode":62,"uid":"e9feaf82-775f-412c-8808-b111fb2e51df"},{"clickType":0,"deviceId":"io.github.sds100.keymapper.THIS_DEVICE","flags":0,"keyCode":32,"uid":"6009ec6d-b0bd-4fb5-8ca0-ccfeb356192b"}],"mode":0},"uid":"350e1e8b-9c8d-4c49-b778-02bcdadd2363"},{"actionList":[{"data":"]","extras":[],"flags":4,"type":"TEXT_BLOCK","uid":"24040b94-c444-46f8-9d2d-ca8b1049d27e"}],"constraintList":[],"constraintMode":1,"flags":0,"id":107,"isEnabled":true,"trigger":{"extras":[],"flags":0,"keys":[{"clickType":0,"deviceId":"io.github.sds100.keymapper.THIS_DEVICE","flags":0,"keyCode":62,"uid":"9970dc4f-71d4-42be-a6df-f05026a9f85e"},{"clickType":0,"deviceId":"io.github.sds100.keymapper.THIS_DEVICE","flags":0,"keyCode":34,"uid":"5bee42e6-deea-43c8-905d-e656a29f3718"}],"mode":0},"uid":"20590d55-fdbc-4717-a688-d3c4f0cf1399"},{"actionList":[{"data":"{","extras":[],"flags":4,"type":"TEXT_BLOCK","uid":"24040b94-c444-46f8-9d2d-ca8b1049d27e"}],"constraintList":[],"constraintMode":1,"flags":0,"id":108,"isEnabled":true,"trigger":{"extras":[],"flags":0,"keys":[{"clickType":0,"deviceId":"io.github.sds100.keymapper.THIS_DEVICE","flags":0,"keyCode":62,"uid":"05a93a9b-ce9e-46d4-9a02-7db2dc6e19aa"},{"clickType":0,"deviceId":"io.github.sds100.keymapper.THIS_DEVICE","flags":0,"keyCode":54,"uid":"9eca061d-d3ab-4479-b12e-ba8cc028efa4"}],"mode":0},"uid":"55511fa4-7862-4d41-9742-9cb7a1692a0a"},{"actionList":[{"data":"}","extras":[],"flags":4,"type":"TEXT_BLOCK","uid":"24040b94-c444-46f8-9d2d-ca8b1049d27e"}],"constraintList":[],"constraintMode":1,"flags":0,"id":109,"isEnabled":true,"trigger":{"extras":[],"flags":0,"keys":[{"clickType":0,"deviceId":"io.github.sds100.keymapper.THIS_DEVICE","flags":0,"keyCode":62,"uid":"78591e09-3be1-45d8-b1e8-c851a29686e2"},{"clickType":0,"deviceId":"io.github.sds100.keymapper.THIS_DEVICE","flags":0,"keyCode":52,"uid":"380005b6-2bc5-4b29-998b-64367d430463"}],"mode":0},"uid":"67e5350b-9ec1-4a47-8700-1b55e3fb718c"},{"actionList":[{"data":"\u003c","extras":[],"flags":4,"type":"TEXT_BLOCK","uid":"03ab1434-93b1-4f92-b63f-fae0a99d9961"}],"constraintList":[],"constraintMode":1,"flags":0,"id":110,"isEnabled":true,"trigger":{"extras":[],"flags":0,"keys":[{"clickType":0,"deviceId":"io.github.sds100.keymapper.THIS_DEVICE","flags":0,"keyCode":62,"uid":"d7ff41e1-7abc-4e6c-8a01-d991014fbc08"},{"clickType":0,"deviceId":"io.github.sds100.keymapper.THIS_DEVICE","flags":0,"keyCode":31,"uid":"570b2660-98e9-4661-9ac1-d7b7c319194a"}],"mode":0},"uid":"6c650404-3007-424d-b037-962c46cd7546"},{"actionList":[{"data":"\u003e","extras":[],"flags":4,"type":"TEXT_BLOCK","uid":"625ca84b-39b1-450f-bb40-9698779c0994"}],"constraintList":[],"constraintMode":1,"flags":0,"id":111,"isEnabled":true,"trigger":{"extras":[],"flags":0,"keys":[{"clickType":0,"deviceId":"io.github.sds100.keymapper.THIS_DEVICE","flags":0,"keyCode":62,"uid":"387629f8-96bd-4718-9f1d-0e90940226b4"},{"clickType":0,"deviceId":"io.github.sds100.keymapper.THIS_DEVICE","flags":0,"keyCode":50,"uid":"e2e7a50e-26e2-457e-886c-1440b41ecb33"}],"mode":0},"uid":"48429f2e-1250-43fd-92db-f9822bcfe476"},{"actionList":[{"data":";","extras":[],"flags":4,"type":"TEXT_BLOCK","uid":"c7b25b43-8336-4253-ba13-390cd947d69a"}],"constraintList":[],"constraintMode":1,"flags":0,"id":112,"isEnabled":true,"trigger":{"extras":[],"flags":0,"keys":[{"clickType":0,"deviceId":"io.github.sds100.keymapper.THIS_DEVICE","flags":0,"keyCode":62,"uid":"1988bc3d-b3a7-4807-8c46-06b7461d9eb7"},{"clickType":0,"deviceId":"io.github.sds100.keymapper.THIS_DEVICE","flags":0,"keyCode":30,"uid":"9da54f6e-d18b-4567-8919-81e2350bfcae"}],"mode":0},"uid":"c8cd3c02-2077-4357-9807-dc2d5da1ba14"},{"actionList":[{"data":"\"","extras":[],"flags":4,"type":"TEXT_BLOCK","uid":"7ed08fc4-a524-44b4-a408-8365d94a1708"}],"constraintList":[],"constraintMode":1,"flags":0,"id":113,"isEnabled":true,"trigger":{"extras":[],"flags":0,"keys":[{"clickType":0,"deviceId":"io.github.sds100.keymapper.THIS_DEVICE","flags":0,"keyCode":62,"uid":"a4fa10f1-5f5c-4992-8e92-bee22ffaaabd"},{"clickType":0,"deviceId":"io.github.sds100.keymapper.THIS_DEVICE","flags":0,"keyCode":42,"uid":"4fa73a76-1e6c-4a89-8a8e-118955fd2aa5"}],"mode":0},"uid":"3b1580f2-0b9e-426c-a61c-45153420da8c"},{"actionList":[{"data":"\u0027","extras":[],"flags":4,"type":"TEXT_BLOCK","uid":"e06a1023-7f59-4668-b91f-44a72f19e9b8"}],"constraintList":[],"constraintMode":1,"flags":0,"id":114,"isEnabled":true,"trigger":{"extras":[],"flags":0,"keys":[{"clickType":0,"deviceId":"io.github.sds100.keymapper.THIS_DEVICE","flags":0,"keyCode":62,"uid":"2f9e2ec1-53bf-493d-bfc1-cd4585fb0f8d"},{"clickType":0,"deviceId":"io.github.sds100.keymapper.THIS_DEVICE","flags":0,"keyCode":41,"uid":"08468398-7f3c-4f31-b956-8e8dd6cc53fd"}],"mode":0},"uid":"43071893-8b15-44cf-9380-0a70514f6a29"},{"actionList":[{"data":"|","extras":[],"flags":4,"type":"TEXT_BLOCK","uid":"89a4dde3-a433-4b34-b62b-4829d1cd5c07"}],"constraintList":[],"constraintMode":1,"flags":0,"id":115,"isEnabled":true,"trigger":{"extras":[],"flags":0,"keys":[{"clickType":0,"deviceId":"io.github.sds100.keymapper.THIS_DEVICE","flags":0,"keyCode":62,"uid":"a29bded7-2ad0-423c-8f05-b837fe5f8fcb"},{"clickType":0,"deviceId":"io.github.sds100.keymapper.THIS_DEVICE","flags":0,"keyCode":35,"uid":"16aedd3c-3d76-47a2-ae6b-37b4d69e917b"}],"mode":0},"uid":"cf408291-3440-4dca-88d6-498b3892fe39"},{"actionList":[{"data":"`","extras":[],"flags":4,"type":"TEXT_BLOCK","uid":"8f8e7ef1-350c-41f1-9fd6-53b0aa3bd695"}],"constraintList":[],"constraintMode":1,"flags":0,"id":116,"isEnabled":true,"trigger":{"extras":[],"flags":0,"keys":[{"clickType":0,"deviceId":"io.github.sds100.keymapper.THIS_DEVICE","flags":0,"keyCode":62,"uid":"0def470b-80fc-4e12-96ee-262ae8553f53"},{"clickType":0,"deviceId":"io.github.sds100.keymapper.THIS_DEVICE","flags":0,"keyCode":67,"uid":"d0273b84-4934-48e9-aeec-1597ebca0670"}],"mode":0},"uid":"bf27a73b-2b66-4eed-99b5-ecc9aadf2207"},{"actionList":[{"data":"`","extras":[],"flags":4,"type":"TEXT_BLOCK","uid":"08f361ca-9962-4381-8480-e49ca6ecbed3"}],"constraintList":[],"constraintMode":1,"flags":0,"id":117,"isEnabled":true,"trigger":{"extras":[],"flags":0,"keys":[{"clickType":0,"deviceId":"io.github.sds100.keymapper.THIS_DEVICE","flags":0,"keyCode":62,"uid":"267a6e12-4e83-40e6-9672-3aaf80d15f1e"},{"clickType":0,"deviceId":"io.github.sds100.keymapper.THIS_DEVICE","flags":0,"keyCode":66,"uid":"c89541fa-54ff-4a98-b18d-019832691637"}],"mode":0},"uid":"8b89e22a-e883-4cf6-b125-a14f40cb8eac"}]}